{
  "id": "magazine-001",
  "title": "Apocalypse Chronicles",
  "issue": "Edição 01 - Maio 2025",
  "subtitle": "Desvendando os Sinais dos Tempos",
  "description": "A primeira edição da revista digital Apocalypse Chronicles explora os sinais proféticos emergentes no cenário mundial atual, com análises aprofundadas sobre geopolítica, tecnologia e movimentos religiosos.",
  "coverImageUrl": "/assets/images/magazines/apocalypse-chronicles-01-cover.jpg",
  "thumbnailUrl": "/assets/images/magazines/apocalypse-chronicles-01-thumb.jpg",
  "releaseDate": "2025-05-01",
  "pdfUrl": "/assets/magazines/apocalypse-chronicles-01.pdf",
  "featured": true,
  "editor": {
    "name": "Eric Alberto da Cruz",
    "title": "Editor-Chefe",
    "bio": "Fundador da Apocalypse Academy, teólogo e analista de profecias",
    "imageUrl": "/assets/images/team/eric-alberto.jpg"
  },
  "articles": [
    {
      "id": "article-001",
      "title": "A Nova Ordem Mundial em Formação",
      "subtitle": "Como as alianças geopolíticas atuais refletem as profecias de Daniel",
      "author": "Dr. Marcos Almeida",
      "authorTitle": "Especialista em Geopolítica e Profecias",
      "excerpt": "As recentes alianças entre potências do Oriente e Ocidente estão redesenhando o mapa geopolítico global de maneiras que se alinham surpreendentemente com as visões proféticas de Daniel. Este artigo analisa essas convergências e suas implicações para o futuro próximo.",
      "imageUrl": "/assets/images/articles/nova-ordem-mundial.jpg",
      "pageStart": 4,
      "pageEnd": 12,
      "featured": true,
      "tags": ["geopolítica", "daniel", "alianças", "profecias"]
    },
    {
      "id": "article-002",
      "title": "Transhumanismo: A Busca pela Imortalidade Sem Deus",
      "subtitle": "O movimento que promete transcender a humanidade através da tecnologia",
      "author": "Dra. Raquel Oliveira",
      "authorTitle": "Pesquisadora em Bioética e Teologia",
      "excerpt": "O movimento transhumanista promete superar as limitações humanas através da tecnologia, oferecendo uma versão secular da imortalidade. Este artigo examina as raízes filosóficas deste movimento e suas implicações teológicas à luz das Escrituras.",
      "imageUrl": "/assets/images/articles/transhumanismo.jpg",
      "pageStart": 14,
      "pageEnd": 22,
      "featured": false,
      "tags": ["transhumanismo", "tecnologia", "imortalidade", "bioética"]
    },
    {
      "id": "article-003",
      "title": "O Ressurgimento de Israel: 77 Anos de Milagres",
      "subtitle": "Como a restauração de Israel cumpre profecias milenares",
      "author": "Prof. Samuel Cohen",
      "authorTitle": "Historiador e Especialista em Estudos Judaicos",
      "excerpt": "Desde sua refundação em 1948, Israel tem sido palco de cumprimentos proféticos extraordinários. Este artigo analisa os principais eventos dos últimos 77 anos e como eles se alinham com profecias específicas do Antigo Testamento.",
      "imageUrl": "/assets/images/articles/israel-77-anos.jpg",
      "pageStart": 24,
      "pageEnd": 34,
      "featured": true,
      "tags": ["israel", "profecias cumpridas", "restauração", "tempos do fim"]
    },
    {
      "id": "article-004",
      "title": "Inteligência Artificial: O Novo Ídolo da Humanidade?",
      "subtitle": "Como a veneração da tecnologia está criando uma nova forma de idolatria",
      "author": "Lucas Mendonça",
      "authorTitle": "Especialista em Tecnologia e Teologia",
      "excerpt": "À medida que a inteligência artificial avança, cresce também uma forma de veneração quase religiosa da tecnologia. Este artigo examina como a IA está sendo tratada como uma divindade moderna e as implicações espirituais deste fenômeno.",
      "imageUrl": "/assets/images/articles/ia-idolatria.jpg",
      "pageStart": 36,
      "pageEnd": 42,
      "featured": false,
      "tags": ["inteligência artificial", "idolatria", "tecnologia", "adoração"]
    },
    {
      "id": "article-005",
      "title": "A Grande Apostasia: Declínio da Fé no Ocidente",
      "subtitle": "Análise do abandono massivo da fé cristã nas nações ocidentais",
      "author": "Pastor João Calvino Neto",
      "authorTitle": "Teólogo e Analista Cultural",
      "excerpt": "O declínio acelerado da fé cristã no Ocidente representa um cumprimento da profecia sobre a grande apostasia? Este artigo analisa dados demográficos, tendências culturais e movimentos teológicos à luz das advertências bíblicas sobre os últimos dias.",
      "imageUrl": "/assets/images/articles/grande-apostasia.jpg",
      "pageStart": 44,
      "pageEnd": 52,
      "featured": false,
      "tags": ["apostasia", "secularização", "igreja", "últimos dias"]
    }
  ],
  "sections": [
    {
      "title": "Carta do Editor",
      "pageStart": 2,
      "pageEnd": 3
    },
    {
      "title": "Análises Geopolíticas",
      "pageStart": 4,
      "pageEnd": 22
    },
    {
      "title": "Profecias Cumpridas",
      "pageStart": 24,
      "pageEnd": 34
    },
    {
      "title": "Tecnologia e Fé",
      "pageStart": 36,
      "pageEnd": 42
    },
    {
      "title": "Igreja e Sociedade",
      "pageStart": 44,
      "pageEnd": 52
    },
    {
      "title": "Eventos e Calendário Profético",
      "pageStart": 54,
      "pageEnd": 56
    }
  ],
  "totalPages": 56,
  "relatedDocumentaries": ["documentary-001", "documentary-002"],
  "relatedCourses": ["course-001", "course-002"],
  "nextIssueDate": "2025-06-01",
  "nextIssueTheme": "A Marca da Besta: Mito e Realidade"
}
