{
  "id": "documentary-001",
  "title": "A Grande Conspiração: Babilônia Revelada",
  "subtitle": "Uma investigação profética sobre o sistema mundial nos últimos dias",
  "description": "Este documentário revela as conexões entre o sistema financeiro global, movimentos religiosos ecumênicos e a tecnologia de vigilância, traçando paralelos com a Babilônia profética descrita no livro do Apocalipse.",
  "longDescription": "A Grande Conspiração: Babilônia Revelada é uma investigação profunda e meticulosa que expõe as estruturas de poder que controlam o mundo moderno e sua semelhança com a Babilônia profética descrita no livro do Apocalipse. Através de entrevistas exclusivas com especialistas em geopolítica, teologia e economia, o documentário traça um paralelo impressionante entre os eventos atuais e as profecias bíblicas.\n\nO filme explora como o sistema financeiro global, os movimentos religiosos ecumênicos e as tecnologias de vigilância em massa estão convergindo para criar um sistema de controle sem precedentes. Analisando documentos históricos, declarações de líderes mundiais e tendências tecnológicas emergentes, o documentário apresenta evidências convincentes de que estamos testemunhando o surgimento do sistema babilônico dos últimos dias.\n\nCom filmagens exclusivas em locais como Wall Street, Vaticano, Silicon Valley e Fórum Econômico Mundial, A Grande Conspiração oferece uma perspectiva única e reveladora sobre os eventos que estão moldando nosso futuro. Este não é apenas um documentário sobre teorias da conspiração, mas uma análise séria e fundamentada das forças que estão transformando nossa sociedade à luz das profecias bíblicas.",
  "duration": "120 minutos",
  "releaseDate": "2025-05-15",
  "director": "Eric Alberto da Cruz",
  "producer": "Apocalypse Studios",
  "category": "Geopolítica",
  "tags": ["babilônia", "sistema financeiro", "ecumenismo", "vigilância", "apocalipse"],
  "rating": "16+",
  "featured": true,
  "thumbnailUrl": "/assets/images/documentaries/babilonia-revelada-thumb.jpg",
  "coverImageUrl": "/assets/images/documentaries/babilonia-revelada-cover.jpg",
  "trailerUrl": "/assets/videos/documentaries/babilonia-revelada-trailer.mp4",
  "videoUrl": "/assets/videos/documentaries/babilonia-revelada.mp4",
  "videoQualityOptions": ["4K", "1080p", "720p", "480p"],
  "subtitles": [
    { "language": "Português", "url": "/assets/subtitles/babilonia-revelada-pt.vtt" },
    { "language": "English", "url": "/assets/subtitles/babilonia-revelada-en.vtt" },
    { "language": "Español", "url": "/assets/subtitles/babilonia-revelada-es.vtt" }
  ],
  "chapters": [
    {
      "title": "Prólogo: A Profecia da Babilônia",
      "timestamp": "00:00:00",
      "description": "Introdução às profecias bíblicas sobre Babilônia e sua relevância hoje"
    },
    {
      "title": "Capítulo 1: O Sistema Financeiro Global",
      "timestamp": "00:12:30",
      "description": "Como o sistema bancário internacional e as moedas digitais estão criando dependência global"
    },
    {
      "title": "Capítulo 2: A Nova Religião Mundial",
      "timestamp": "00:35:45",
      "description": "O movimento ecumênico e a unificação religiosa como precursores da religião babilônica"
    },
    {
      "title": "Capítulo 3: Tecnologia e Vigilância",
      "timestamp": "00:58:20",
      "description": "Como a tecnologia moderna está criando um sistema de controle social sem precedentes"
    },
    {
      "title": "Capítulo 4: Governança Global",
      "timestamp": "01:22:10",
      "description": "A ascensão de instituições supranacionais e a erosão da soberania nacional"
    },
    {
      "title": "Capítulo 5: Resistência e Esperança",
      "timestamp": "01:45:30",
      "description": "Como os crentes podem permanecer fiéis em meio ao sistema babilônico"
    }
  ],
  "experts": [
    {
      "name": "Dr. Jonathan Baxter",
      "title": "Economista e Ex-Consultor do FMI",
      "bio": "Especialista em sistemas financeiros globais e autor de 'A Queda do Dólar'",
      "imageUrl": "/assets/images/experts/jonathan-baxter.jpg"
    },
    {
      "name": "Profa. Raquel Oliveira",
      "title": "Teóloga e Historiadora",
      "bio": "Pesquisadora de movimentos religiosos e autora de 'Ecumenismo: A Ponte para Babilônia'",
      "imageUrl": "/assets/images/experts/raquel-oliveira.jpg"
    },
    {
      "name": "Marcus Chen",
      "title": "Ex-Executivo de Tecnologia",
      "bio": "Denunciante que expôs sistemas de vigilância em massa em empresas de tecnologia",
      "imageUrl": "/assets/images/experts/marcus-chen.jpg"
    }
  ],
  "relatedDocumentaries": ["documentary-003", "documentary-007", "documentary-012"],
  "relatedCourses": ["course-002", "course-005"],
  "reviews": [
    {
      "user": "Carlos Mendes",
      "rating": 5,
      "comment": "Documentário revelador e bem fundamentado. Mudou completamente minha visão sobre o sistema financeiro global.",
      "date": "2025-05-20"
    },
    {
      "user": "Ana Beatriz",
      "rating": 4,
      "comment": "Excelente produção e conteúdo profundo. Algumas partes são assustadoras pela precisão das análises.",
      "date": "2025-05-22"
    }
  ],
  "resources": [
    {
      "title": "Guia de Estudo: Babilônia no Apocalipse",
      "type": "pdf",
      "url": "/assets/resources/guia-babilonia-apocalipse.pdf"
    },
    {
      "title": "Infográfico: Sistema Financeiro Global",
      "type": "image",
      "url": "/assets/resources/infografico-sistema-financeiro.jpg"
    },
    {
      "title": "Linha do Tempo: Ascensão da Babilônia Moderna",
      "type": "pdf",
      "url": "/assets/resources/timeline-babilonia-moderna.pdf"
    }
  ]
}
