{
  "id": "course-001",
  "title": "Escatologia Fundamental",
  "subtitle": "Fundamentos proféticos para compreender os últimos dias",
  "description": "Uma introdução abrangente aos estudos escatológicos, explorando as profecias bíblicas sobre os últimos dias e sua relevância para o mundo contemporâneo.",
  "longDescription": "Este curso oferece uma introdução abrangente à escatologia bíblica, explorando as profecias sobre os últimos dias encontradas nas Escrituras. Através de uma análise detalhada dos livros proféticos, especialmente Daniel e Apocalipse, os alunos desenvolverão uma compreensão sólida dos eventos futuros previstos na Bíblia.\n\nO curso aborda as diferentes interpretações escatológicas, incluindo pré-milenismo, pós-milenismo e amilenismo, apresentando os argumentos de cada posição de forma equilibrada. Também examina os sinais dos tempos mencionados por Jesus e pelos apóstolos, relacionando-os com eventos contemporâneos.\n\nAo final do curso, os alunos estarão equipados com ferramentas hermenêuticas para interpretar textos proféticos e terão uma visão clara da linha do tempo profética bíblica, permitindo-lhes discernir os sinais dos tempos com sabedoria e equilíbrio.",
  "instructor": {
    "id": "instructor-001",
    "name": "Eric Alberto da Cruz",
    "title": "Pastor, Jornalista e Escritor",
    "bio": "Fundador da Apocalypse Academy, Eric combina formação teológica com experiência jornalística para analisar eventos contemporâneos à luz das profecias bíblicas.",
    "imageUrl": "/assets/images/instructors/eric-alberto.jpg"
  },
  "duration": "12 horas",
  "modules": [
    {
      "id": "module-001",
      "title": "Introdução à Escatologia",
      "description": "Fundamentos e importância do estudo escatológico",
      "lessons": [
        {
          "id": "lesson-001",
          "title": "O que é Escatologia?",
          "duration": "25 minutos",
          "videoId": "video-001",
          "description": "Esta aula introduz o conceito de escatologia, sua definição e importância no contexto da teologia bíblica. Discutimos por que o estudo dos últimos dias é relevante para os cristãos hoje e como uma compreensão adequada da escatologia afeta nossa visão de mundo e estilo de vida.",
          "resources": [
            { "type": "pdf", "title": "Apostila - Introdução à Escatologia", "url": "/assets/resources/apostila-escatologia.pdf" },
            { "type": "slides", "title": "Slides da Aula", "url": "/assets/resources/slides-escatologia-intro.pdf" }
          ]
        },
        {
          "id": "lesson-002",
          "title": "A Importância do Estudo Profético",
          "duration": "30 minutos",
          "videoId": "video-002",
          "description": "Nesta aula, exploramos por que o estudo profético é essencial para uma compreensão completa das Escrituras. Analisamos as bênçãos prometidas aos que estudam profecias e como o conhecimento profético nos prepara para os desafios dos últimos dias.",
          "resources": [
            { "type": "pdf", "title": "Leitura Complementar", "url": "/assets/resources/importancia-estudo-profetico.pdf" }
          ]
        },
        {
          "id": "lesson-003",
          "title": "Princípios de Interpretação Profética",
          "duration": "40 minutos",
          "videoId": "video-003",
          "description": "Esta aula apresenta os princípios hermenêuticos fundamentais para interpretar corretamente textos proféticos. Discutimos a importância do contexto histórico, gênero literário e a analogia da fé na interpretação de profecias.",
          "resources": [
            { "type": "pdf", "title": "Guia de Interpretação", "url": "/assets/resources/guia-interpretacao.pdf" },
            { "type": "quiz", "title": "Quiz - Princípios Básicos", "url": "/quizzes/principios-basicos" }
          ]
        }
      ]
    },
    {
      "id": "module-002",
      "title": "O Livro de Daniel",
      "description": "Análise das profecias de Daniel e sua relevância contemporânea",
      "lessons": [
        {
          "id": "lesson-004",
          "title": "Contexto Histórico de Daniel",
          "duration": "35 minutos",
          "videoId": "video-004",
          "description": "Esta aula explora o contexto histórico do livro de Daniel, incluindo o exílio babilônico e o ambiente político e religioso da época. Compreender este contexto é essencial para interpretar corretamente as visões e profecias do livro.",
          "resources": [
            { "type": "pdf", "title": "Linha do Tempo - Babilônia", "url": "/assets/resources/linha-tempo-babilonia.pdf" }
          ]
        },
        {
          "id": "lesson-005",
          "title": "As Quatro Bestas e os Reinos Mundiais",
          "duration": "45 minutos",
          "videoId": "video-005",
          "description": "Nesta aula, analisamos a visão das quatro bestas em Daniel 7 e sua correlação com os impérios mundiais. Discutimos como estas profecias se cumpriram historicamente e suas implicações para o futuro.",
          "resources": [
            { "type": "pdf", "title": "Mapa dos Impérios Antigos", "url": "/assets/resources/mapa-imperios.pdf" },
            { "type": "quiz", "title": "Quiz - Reinos Mundiais", "url": "/quizzes/reinos-mundiais" }
          ]
        },
        {
          "id": "lesson-006",
          "title": "A Profecia das 70 Semanas",
          "duration": "50 minutos",
          "videoId": "video-006",
          "description": "Esta aula examina a profecia das 70 semanas em Daniel 9, uma das profecias messiânicas mais precisas da Bíblia. Analisamos seu cumprimento histórico e as interpretações sobre a septuagésima semana.",
          "resources": [
            { "type": "pdf", "title": "Cálculo Detalhado das 70 Semanas", "url": "/assets/resources/calculo-70-semanas.pdf" }
          ]
        }
      ]
    },
    {
      "id": "module-003",
      "title": "O Livro do Apocalipse",
      "description": "Estudo do livro do Apocalipse e suas visões proféticas",
      "lessons": [
        {
          "id": "lesson-007",
          "title": "Introdução ao Apocalipse",
          "duration": "40 minutos",
          "videoId": "video-007",
          "description": "Esta aula introduz o livro do Apocalipse, seu autor, data, contexto histórico e propósito. Discutimos os diferentes métodos de interpretação e a estrutura literária do livro.",
          "resources": [
            { "type": "pdf", "title": "Guia de Estudo - Apocalipse", "url": "/assets/resources/guia-apocalipse.pdf" }
          ]
        },
        {
          "id": "lesson-008",
          "title": "As Sete Igrejas",
          "duration": "45 minutos",
          "videoId": "video-008",
          "description": "Nesta aula, examinamos as mensagens às sete igrejas da Ásia em Apocalipse 2-3. Discutimos seu significado histórico, aplicações contemporâneas e possíveis interpretações proféticas.",
          "resources": [
            { "type": "pdf", "title": "Mapa das Sete Igrejas", "url": "/assets/resources/mapa-sete-igrejas.pdf" },
            { "type": "quiz", "title": "Quiz - Sete Igrejas", "url": "/quizzes/sete-igrejas" }
          ]
        },
        {
          "id": "lesson-009",
          "title": "Os Selos, Trombetas e Taças",
          "duration": "55 minutos",
          "videoId": "video-009",
          "description": "Esta aula analisa as três séries de julgamentos descritos no Apocalipse: os sete selos, as sete trombetas e as sete taças. Discutimos sua sequência, significado e implicações para o período da tribulação.",
          "resources": [
            { "type": "pdf", "title": "Cronologia dos Julgamentos", "url": "/assets/resources/cronologia-julgamentos.pdf" }
          ]
        }
      ]
    }
  ],
  "requirements": [
    "Conhecimento básico da Bíblia",
    "Disposição para estudar textos proféticos complexos",
    "Mente aberta para diferentes interpretações escatológicas"
  ],
  "objectives": [
    "Compreender os fundamentos da escatologia bíblica",
    "Interpretar corretamente os livros proféticos de Daniel e Apocalipse",
    "Identificar os sinais dos tempos mencionados nas Escrituras",
    "Desenvolver uma visão equilibrada sobre os eventos do fim dos tempos"
  ],
  "level": "iniciante",
  "category": "escatologia",
  "tags": ["profecias", "apocalipse", "daniel", "últimos dias"],
  "rating": 4.9,
  "reviews": [
    {
      "id": "review-001",
      "user": "João Silva",
      "rating": 5,
      "comment": "Curso excelente! Apresenta as diferentes visões escatológicas de forma equilibrada e fundamentada.",
      "date": "2025-02-10"
    },
    {
      "id": "review-002",
      "user": "Maria Oliveira",
      "rating": 4,
      "comment": "Conteúdo muito bem estruturado. Recomendo para quem quer entender as profecias bíblicas.",
      "date": "2025-02-15"
    }
  ],
  "enrollments": 1250,
  "featured": true,
  "releaseDate": "2025-01-15",
  "lastUpdated": "2025-03-20",
  "price": {
    "regular": "Incluído na assinatura",
    "premium": "Incluído na assinatura Premium"
  },
  "certificate": true,
  "thumbnailUrl": "/assets/images/courses/escatologia-fundamental-thumb.jpg",
  "coverImageUrl": "/assets/images/courses/escatologia-fundamental-cover.jpg"
}
