{
  "id": "course-002",
  "title": "Inteligência Artificial e o Falso Profeta",
  "subtitle": "Análise profética da tecnologia nos últimos dias",
  "description": "Análise profunda das implicações proféticas do desenvolvimento da inteligência artificial e sua possível relação com as profecias sobre o falso profeta e a marca da besta.",
  "longDescription": "Este curso inovador explora a interseção entre tecnologia avançada e profecias bíblicas, analisando como o desenvolvimento acelerado da inteligência artificial pode estar relacionado às profecias sobre o falso profeta e o sistema da marca da besta descritos no livro do Apocalipse.\n\nAtravés de uma análise cuidadosa das Escrituras e do panorama tecnológico atual, o curso examina como sistemas de IA, reconhecimento facial, moedas digitais, implantes biométricos e outras tecnologias emergentes estão criando a infraestrutura necessária para um sistema global de controle sem precedentes.\n\nO curso não busca sensacionalismo, mas oferece uma análise sóbria e fundamentada das tendências tecnológicas à luz das profecias bíblicas. Os alunos aprenderão a discernir os sinais dos tempos, compreender as implicações éticas e espirituais das novas tecnologias, e desenvolver estratégias para navegar com sabedoria neste novo mundo digital.",
  "instructor": {
    "id": "instructor-002",
    "name": "Lucas Mendonça",
    "title": "Especialista em Tecnologia e Teologia",
    "bio": "Com formação em Ciência da Computação e Teologia, Lucas tem dedicado sua carreira a analisar as implicações éticas e proféticas das tecnologias emergentes.",
    "imageUrl": "/assets/images/instructors/lucas-mendonca.jpg"
  },
  "duration": "8 horas",
  "modules": [
    {
      "id": "module-001",
      "title": "Fundamentos Tecnológicos e Proféticos",
      "description": "Introdução aos conceitos básicos de IA e às profecias relevantes",
      "lessons": [
        {
          "id": "lesson-001",
          "title": "O Que é Inteligência Artificial?",
          "duration": "30 minutos",
          "videoId": "video-101",
          "description": "Esta aula introduz os conceitos fundamentais da inteligência artificial, machine learning e redes neurais. Discutimos a evolução da IA desde seus primórdios até os sistemas avançados atuais e as projeções para o futuro próximo.",
          "resources": [
            { "type": "pdf", "title": "Glossário de Termos de IA", "url": "/assets/resources/glossario-ia.pdf" },
            { "type": "slides", "title": "Slides da Aula", "url": "/assets/resources/slides-introducao-ia.pdf" }
          ]
        },
        {
          "id": "lesson-002",
          "title": "O Falso Profeta no Apocalipse",
          "duration": "35 minutos",
          "videoId": "video-102",
          "description": "Nesta aula, examinamos as passagens bíblicas que descrevem o falso profeta, especialmente em Apocalipse 13. Analisamos suas características, funções e relação com a besta e o anticristo no contexto escatológico.",
          "resources": [
            { "type": "pdf", "title": "Estudo Exegético - Apocalipse 13", "url": "/assets/resources/exegese-apocalipse-13.pdf" }
          ]
        },
        {
          "id": "lesson-003",
          "title": "A Marca da Besta: Contexto Histórico e Profético",
          "duration": "40 minutos",
          "videoId": "video-103",
          "description": "Esta aula explora o contexto histórico da marca da besta e as diversas interpretações ao longo da história da igreja. Discutimos o significado do número 666 e as características essenciais do sistema da marca.",
          "resources": [
            { "type": "pdf", "title": "História das Interpretações da Marca", "url": "/assets/resources/historia-interpretacoes-marca.pdf" },
            { "type": "quiz", "title": "Quiz - Conceitos Básicos", "url": "/quizzes/conceitos-marca-besta" }
          ]
        }
      ]
    },
    {
      "id": "module-002",
      "title": "Tecnologias Emergentes e Controle Social",
      "description": "Análise de tecnologias atuais que podem facilitar sistemas de controle global",
      "lessons": [
        {
          "id": "lesson-004",
          "title": "Sistemas de Reconhecimento Facial e Vigilância",
          "duration": "45 minutos",
          "videoId": "video-104",
          "description": "Esta aula examina o avanço dos sistemas de reconhecimento facial, vigilância em massa e rastreamento social. Discutimos como estas tecnologias estão sendo implementadas globalmente e suas implicações para a privacidade e liberdade individual.",
          "resources": [
            { "type": "pdf", "title": "Mapa Global de Sistemas de Vigilância", "url": "/assets/resources/mapa-vigilancia-global.pdf" }
          ]
        },
        {
          "id": "lesson-005",
          "title": "Moedas Digitais e o Fim do Dinheiro Físico",
          "duration": "40 minutos",
          "videoId": "video-105",
          "description": "Nesta aula, analisamos a transição para moedas digitais, criptomoedas e CBDCs (Moedas Digitais de Bancos Centrais). Discutimos como o fim do dinheiro físico pode facilitar um sistema econômico centralizado e controlado.",
          "resources": [
            { "type": "pdf", "title": "Guia de Moedas Digitais", "url": "/assets/resources/guia-moedas-digitais.pdf" },
            { "type": "quiz", "title": "Quiz - Sistemas Financeiros", "url": "/quizzes/sistemas-financeiros" }
          ]
        },
        {
          "id": "lesson-006",
          "title": "Implantes Biométricos e Interface Cérebro-Máquina",
          "duration": "50 minutos",
          "videoId": "video-106",
          "description": "Esta aula explora o desenvolvimento de implantes biométricos, chips subcutâneos e interfaces cérebro-máquina. Discutimos as aplicações atuais destas tecnologias e suas projeções futuras.",
          "resources": [
            { "type": "pdf", "title": "Relatório sobre Implantes Biométricos", "url": "/assets/resources/relatorio-implantes-biometricos.pdf" }
          ]
        }
      ]
    },
    {
      "id": "module-003",
      "title": "IA como Falso Profeta?",
      "description": "Análise das características da IA avançada em relação às profecias",
      "lessons": [
        {
          "id": "lesson-007",
          "title": "IA Generativa e Manipulação de Realidade",
          "duration": "45 minutos",
          "videoId": "video-107",
          "description": "Esta aula examina o poder da IA generativa na criação de conteúdo falso indistinguível do real. Discutimos deepfakes, manipulação de áudio e vídeo, e como estas tecnologias podem ser usadas para enganar e manipular.",
          "resources": [
            { "type": "pdf", "title": "Guia de Detecção de Deepfakes", "url": "/assets/resources/guia-deteccao-deepfakes.pdf" }
          ]
        },
        {
          "id": "lesson-008",
          "title": "IA e Adoração: Quando Máquinas se Tornam Ídolos",
          "duration": "40 minutos",
          "videoId": "video-108",
          "description": "Nesta aula, exploramos a tendência de antropomorfização e veneração da tecnologia. Discutimos movimentos como o transumanismo e as 'igrejas de IA' que já estão surgindo, e como isso se relaciona com a idolatria descrita na Bíblia.",
          "resources": [
            { "type": "pdf", "title": "Estudo sobre Tecno-idolatria", "url": "/assets/resources/estudo-tecno-idolatria.pdf" },
            { "type": "quiz", "title": "Quiz - IA e Adoração", "url": "/quizzes/ia-adoracao" }
          ]
        },
        {
          "id": "lesson-009",
          "title": "O Grande Engano: IA como Simulacro de Onisciência",
          "duration": "55 minutos",
          "videoId": "video-109",
          "description": "Esta aula analisa como sistemas de IA avançados podem simular atributos divinos como onisciência e onipresença. Discutimos como isso pode contribuir para o grande engano profetizado para os últimos dias.",
          "resources": [
            { "type": "pdf", "title": "Análise Teológica - IA e Atributos Divinos", "url": "/assets/resources/analise-ia-atributos-divinos.pdf" }
          ]
        }
      ]
    }
  ],
  "requirements": [
    "Conhecimento básico de escatologia bíblica",
    "Familiaridade com conceitos tecnológicos fundamentais",
    "Interesse em análise crítica das tendências tecnológicas"
  ],
  "objectives": [
    "Compreender os fundamentos da inteligência artificial e tecnologias emergentes",
    "Analisar as profecias bíblicas sobre o falso profeta e a marca da besta",
    "Identificar possíveis conexões entre tecnologias atuais e profecias escatológicas",
    "Desenvolver discernimento espiritual para navegar no mundo tecnológico"
  ],
  "level": "intermediário",
  "category": "tecnologia",
  "tags": ["inteligência artificial", "falso profeta", "tecnologia", "marca da besta"],
  "rating": 4.8,
  "reviews": [
    {
      "id": "review-101",
      "user": "Ricardo Alves",
      "rating": 5,
      "comment": "Curso fascinante e alarmante ao mesmo tempo. A análise das tecnologias atuais à luz das profecias é reveladora.",
      "date": "2025-03-05"
    },
    {
      "id": "review-102",
      "user": "Fernanda Santos",
      "rating": 4,
      "comment": "Conteúdo muito bem pesquisado e apresentado de forma equilibrada, sem alarmismo desnecessário.",
      "date": "2025-03-12"
    }
  ],
  "enrollments": 980,
  "featured": true,
  "releaseDate": "2025-02-20",
  "lastUpdated": "2025-04-10",
  "price": {
    "regular": "Incluído na assinatura",
    "premium": "Incluído na assinatura Premium"
  },
  "certificate": true,
  "thumbnailUrl": "/assets/images/courses/ia-falso-profeta-thumb.jpg",
  "coverImageUrl": "/assets/images/courses/ia-falso-profeta-cover.jpg"
}
